amount,category,description,date
152.0,Grocery,Toothpaste,2026-09-23
1500.0,Travel,Uber Cab (BHOPAL Airport-Hostel),2026-09-01
240.0,Food ,2 Cup Noodles,2026-09-23
80.0,Food,Ice Cream,2026-09-22
360.0,Online Shopping,Myntra Jersey,2026-09-10
829.0,Online Shopping,Trimmer Bombay Shaving,2026-09-15
200.0,Food,Breakfast Mayuri Cafe,2026-09-24
500.0,Travel,Outing Cab Split,2026-09-27
40.0,Food,Ice Cream,2026-09-24
629.0,Recharge,Jio ,2026-09-25
280.0,Education,Notebooks & Pens,2026-09-18
